word,url
2°C,http://www.milliyet.com.tr/
şimdiYalnızca,http://www.milliyet.com.tr/
200,http://www.milliyet.com.tr/
TL,http://www.milliyet.com.tr/
Harcayarak,http://www.milliyet.com.tr/
Banyonuzu,http://www.milliyet.com.tr/
Baştan,http://www.milliyet.com.tr/
YaratınEviniz,http://www.milliyet.com.tr/
İçin,http://www.milliyet.com.tr/
İlham,http://www.milliyet.com.tr/
Alabileceğiniz,http://www.milliyet.com.tr/
Sıradışı,http://www.milliyet.com.tr/
FikirlerTC’li,http://www.milliyet.com.tr/
Olmak,http://www.milliyet.com.tr/
Bir,http://www.milliyet.com.tr/
Ayrıcalıktır,http://www.milliyet.com.tr/
Temmuz,http://www.milliyet.com.tr/
2016,http://www.milliyet.com.tr/
tarihinde,http://www.milliyet.com.tr/
birer,http://www.milliyet.com.tr/
gün,http://www.milliyet.com.tr/
arayla,http://www.milliyet.com.tr/
iki,http://www.milliyet.com.tr/
olay,http://www.milliyet.com.tr/
meydana,http://www.milliyet.com.tr/
gelmişti,http://www.milliyet.com.tr/
"dünyada,",http://www.milliyet.com.tr/
ilki,http://www.milliyet.com.tr/
"Fransa’da,",http://www.milliyet.com.tr/
ikin...Bugün,http://www.milliyet.com.tr/
ne,http://www.milliyet.com.tr/
yapılabilir,http://www.milliyet.com.tr/
?,http://www.milliyet.com.tr/
Oldukça,http://www.milliyet.com.tr/
ilginç,http://www.milliyet.com.tr/
ve,http://www.milliyet.com.tr/
yaratıcı,http://www.milliyet.com.tr/
olabileceğimiz,http://www.milliyet.com.tr/
bir,http://www.milliyet.com.tr/
gündeyiz.ATV,http://www.milliyet.com.tr/
ekranında,http://www.milliyet.com.tr/
yayınlanan,http://www.milliyet.com.tr/
sevilen,http://www.milliyet.com.tr/
dizi,http://www.milliyet.com.tr/
Eşkıya,http://www.milliyet.com.tr/
Dünyaya,http://www.milliyet.com.tr/
Hükümdar,http://www.milliyet.com.tr/
Olmaz,http://www.milliyet.com.tr/
54.,http://www.milliyet.com.tr/
yeni,http://www.milliyet.com.tr/
bölüm,http://www.milliyet.com.tr/
fragmanı,http://www.milliyet.com.tr/
henüz,http://www.milliyet.com.tr/
yayınlanmadı.Çarşamba,http://www.milliyet.com.tr/
akşamı,http://www.milliyet.com.tr/
ekrana,http://www.milliyet.com.tr/
gelen,http://www.milliyet.com.tr/
fenomen,http://www.milliyet.com.tr/
dizi,http://www.milliyet.com.tr/
Poyraz,http://www.milliyet.com.tr/
Karayel,http://www.milliyet.com.tr/
dün,http://www.milliyet.com.tr/
akşam,http://www.milliyet.com.tr/
ekrana,http://www.milliyet.com.tr/
gelen,http://www.milliyet.com.tr/
son,http://www.milliyet.com.tr/
bölüm,http://www.milliyet.com.tr/
ile,http://www.milliyet.com.tr/
